{"count":1,"self":19957.9746304,"total":27407.058191,"children":{"InitializeActuators":{"count":12,"self":0.0020041,"total":0.0020041,"children":null},"InitializeSensors":{"count":12,"self":0.0020250999999999997,"total":0.0020250999999999997,"children":null},"AgentSendState":{"count":4110361,"self":25.984399999999997,"total":168.7967273,"children":{"CollectObservations":{"count":9864876,"self":14.638521599999999,"total":14.6385224,"children":null},"WriteActionMask":{"count":9864876,"self":4.2063983999999994,"total":4.2063983,"children":null},"RequestDecision":{"count":9864876,"self":13.15044,"total":123.96740589999999,"children":{"AgentInfo.ToProto":{"count":9864876,"self":16.160507199999998,"total":110.81696559999999,"children":{"GenerateSensorData":{"count":9864876,"self":94.656460799999991,"total":94.6564588,"children":null}}}}}}},"DecideAction":{"count":4110361,"self":7143.7008896,"total":7143.7008606,"children":null},"AgentAct":{"count":4110361,"self":136.078656,"total":136.58029589999998,"children":{"AgentInfo.ToProto":{"count":14279,"self":0.0673991,"total":0.5016399,"children":{"GenerateSensorData":{"count":14279,"self":0.4342408,"total":0.4342408,"children":null}}}}}},"gauges":{"3DBall.CumulativeReward":{"count":14279,"max":100.099045,"min":-0.09999988,"runningAverage":68.6839,"value":0.400000244,"weightedAverage":70.8606644}},"metadata":{"timer_format_version":"0.1.0","start_time_seconds":"1681733942","unity_version":"2020.3.17f1","command_line_arguments":"C:\\Users\\sarry\\Desktop\\unity_ray\\python\\UnityEnvironment.exe --mlagents-port 5005","communication_protocol_version":"1.5.0","com.unity.ml-agents_version":"2.1.0-exp.1","scene_name":"3DBall","end_time_seconds":"1681761349"}}